userid,score,City,Gender,Age,Objects,Balance,Products,CreditCard,Loyalty,estimated_salary,Churn
15677338,619,Ярославль,Ж,42,2,,1,1,1,101348.88,1
15690047,608,Рыбинск,Ж,41,1,83807.86,1,0,1,112542.58,0
15662040,502,Ярославль,Ж,42,8,159660.8,3,1,0,113931.57,1
15744090,699,Ярославль,Ж,39,1,,2,0,0,93826.63,0
15780624,850,Рыбинск,Ж,43,2,125510.82,1,1,1,79084.1,0
15616748,645,Рыбинск,М,44,8,113755.78,2,1,0,149756.71,1
15635267,822,Ярославль,М,50,7,,2,1,1,10062.8,0
15698884,376,Ростов Великий,Ж,29,4,115046.74,4,1,0,119346.88,1
15835101,501,Ярославль,М,44,4,142051.07,2,0,1,74940.5,0
15635125,684,Ярославль,М,27,2,134603.88,1,1,1,71725.73,0
15810557,528,Ярославль,М,31,6,102016.72,2,0,0,80181.12,0
15779909,497,Рыбинск,М,24,3,,2,1,0,76390.01,0
15675000,476,Ярославль,Ж,34,10,,2,1,0,26260.98,0
15734219,549,Ярославль,Ж,25,5,,2,0,0,190857.79,0
15643618,635,Рыбинск,Ж,35,7,,2,1,1,65951.65,0
15686702,616,Ростов Великий,М,45,3,143129.41,2,0,1,64327.26,0
15780188,653,Ростов Великий,М,58,1,132602.88,1,1,0,5097.67,1
15830954,549,Рыбинск,Ж,24,9,,2,1,1,14406.41,0
15704243,587,Рыбинск,М,45,6,,1,0,0,158684.81,0
15611718,726,Ярославль,Ж,24,6,,2,1,1,54724.03,0
15620393,732,Ярославль,М,41,8,,2,1,1,170886.17,0
15640681,636,Рыбинск,Ж,32,8,,2,1,0,138555.46,0
15742045,510,Рыбинск,Ж,38,4,,1,1,0,118913.53,1
15768473,669,Ярославль,М,46,3,,2,0,1,8487.75,0
15667783,846,Ярославль,Ж,38,5,,1,1,1,187616.16,0
15780927,577,Ярославль,М,25,3,,2,0,1,124508.29,0
15779552,756,Ростов Великий,М,36,2,136815.64,1,1,1,170041.95,0
15743508,571,Ярославль,М,44,9,,2,0,0,38433.35,0
15771429,574,Ростов Великий,Ж,43,3,141349.43,1,1,1,100187.43,0
15699036,411,Ярославль,М,29,0,59697.17,2,1,1,53483.21,0
15632211,591,Рыбинск,Ж,39,3,,3,1,0,140469.38,1
15749288,533,Ярославль,М,36,7,85311.7,1,0,1,156731.91,0
15792917,553,Ростов Великий,М,41,9,110112.54,2,0,0,81898.81,0
15702164,520,Рыбинск,Ж,42,6,,2,1,1,34410.55,0
15775699,722,Рыбинск,Ж,29,9,,2,1,1,142033.07,0
15836907,475,Ярославль,Ж,45,0,134264.04,1,1,0,27822.99,1
15831184,490,Рыбинск,М,31,3,145260.23,1,0,1,114066.77,0
15772335,804,Рыбинск,М,33,7,76548.6,1,0,1,98453.45,0
15760162,850,Ярославль,М,36,7,,1,1,1,40812.9,0
15628504,582,Ростов Великий,М,41,6,70349.48,2,0,1,178074.04,0
15662096,472,Рыбинск,М,40,4,,1,1,0,70154.22,0
15780884,465,Ярославль,Ж,51,8,122522.32,1,0,0,181297.65,1
15730682,556,Ярославль,Ж,61,2,117419.35,1,1,1,94153.83,0
15797932,834,Ярославль,Ж,49,2,131394.56,1,0,0,194365.76,1
15726907,660,Рыбинск,Ж,61,5,155931.11,1,1,1,158338.39,0
15797585,776,Ростов Великий,Ж,32,4,109421.13,2,1,1,126517.46,0
15645016,829,Ростов Великий,Ж,27,9,112045.67,1,1,1,119708.21,1
15814309,637,Ростов Великий,Ж,39,9,137843.8,1,1,1,117622.8,1
15808941,550,Ростов Великий,М,38,2,103391.38,1,0,1,90878.13,0
15814609,776,Ростов Великий,Ж,37,2,103769.22,2,1,0,194099.12,0
15659286,698,Ростов Великий,М,44,10,116363.37,2,1,0,198059.16,0
15810929,585,Ростов Великий,М,36,5,146050.97,2,0,0,86424.57,0
15726289,788,Ярославль,Ж,33,5,,2,0,0,116978.19,0
15745034,655,Ростов Великий,М,41,8,125561.97,1,0,0,164040.94,1
15612326,601,Ростов Великий,М,42,1,98495.72,1,1,0,40014.76,1
15803597,619,Ярославль,М,43,1,125211.92,1,1,1,113410.49,0
15672789,656,Ярославль,М,45,5,127864.4,1,1,0,87107.57,0
15689827,725,Ростов Великий,М,19,0,75888.2,1,0,0,45613.75,0
15666680,511,Рыбинск,Ж,66,4,,1,1,0,1643.11,1
15847507,614,Ярославль,М,51,4,40685.92,1,1,1,46775.28,0
15694016,742,Ростов Великий,М,35,5,136857.0,1,0,0,84509.57,0
15816205,687,Ростов Великий,Ж,27,9,152328.88,2,0,0,126494.82,0
15744750,555,Рыбинск,М,33,1,56084.69,2,0,0,178798.13,0
15793944,684,Рыбинск,М,56,8,78707.16,1,1,1,99398.36,0
15635197,603,Ростов Великий,М,26,4,109166.37,1,1,1,92840.67,0
15832220,751,Ростов Великий,Ж,36,6,169831.46,2,1,1,27758.36,0
15738797,581,Ростов Великий,Ж,34,1,101633.04,1,1,0,110431.51,0
15684318,735,Ростов Великий,М,43,10,123180.01,2,1,1,196673.28,0
15681160,661,Ростов Великий,Ж,35,5,150725.53,2,0,1,113656.85,0
15798384,675,Ярославль,Ж,21,8,98373.26,1,1,0,18203.0,0
15746529,738,Ростов Великий,М,58,2,133745.44,4,1,0,28373.86,1
15663080,813,Ярославль,М,29,6,,1,1,0,33953.87,0
15855254,657,Рыбинск,Ж,37,0,163607.18,1,0,1,44203.55,0
15821788,604,Ростов Великий,Ж,25,5,157780.84,2,1,1,58426.81,0
15813547,519,Ярославль,М,36,9,,2,0,1,145562.4,0
15823697,735,Ярославль,Ж,21,1,178718.19,2,1,0,22388.0,0
15656785,664,Ярославль,М,55,8,,2,1,1,139161.64,0
15704821,678,Ярославль,Ж,32,9,,1,1,1,148210.64,0
15617921,757,Рыбинск,М,33,5,77253.22,1,0,1,194239.63,0
15845872,416,Ростов Великий,Ж,41,10,122189.66,2,1,0,98301.61,0
15748757,665,Ярославль,Ж,34,1,96645.54,2,0,0,171413.66,0
15706442,777,Ярославль,Ж,32,2,,1,1,0,136458.19,1
15684468,543,Ярославль,Ж,36,3,,2,0,0,26019.59,0
15743900,506,Ярославль,Ж,34,4,90307.62,1,1,1,159235.29,0
15781487,493,Ярославль,Ж,46,4,,2,1,0,1907.66,0
15847990,652,Рыбинск,Ж,75,10,,2,1,1,114675.75,0
15805154,750,Рыбинск,М,22,3,121681.82,1,1,0,128643.35,1
15668495,729,Ярославль,М,30,9,,2,1,0,151869.35,0
15665633,646,Ярославль,Ж,46,4,,3,1,0,93251.42,1
15810690,635,Ростов Великий,Ж,28,3,81623.67,2,1,1,156791.36,0
15800271,647,Рыбинск,Ж,44,5,,3,1,1,174205.22,1
15774247,808,Ярославль,М,45,7,118626.55,2,1,0,147132.46,0
15851984,524,Ярославль,Ж,36,10,,2,1,0,109614.57,0
15683371,769,Ярославль,М,29,8,,2,1,1,172290.61,0
15719702,730,Рыбинск,М,42,4,,2,0,1,85982.47,0
15742197,515,Рыбинск,М,35,10,176273.95,1,0,1,121277.78,0
15781457,773,Рыбинск,М,41,9,102827.44,1,0,1,64595.25,0
15736419,814,Ростов Великий,М,29,8,97086.4,2,1,1,197276.13,0
15647084,710,Рыбинск,М,22,8,,2,0,0,99645.04,0
15675795,413,Ярославль,М,34,9,,2,0,0,6534.18,0
15851318,665,Ярославль,Ж,40,6,,1,1,1,161848.03,0
15785928,623,Ярославль,Ж,44,6,,2,0,0,167162.43,0
15622882,738,Ярославль,М,31,9,82674.15,1,1,0,41970.72,0
15819341,528,Рыбинск,М,36,7,,2,1,0,60536.56,0
15847655,670,Рыбинск,Ж,65,1,,1,1,1,177655.68,1
15656590,622,Рыбинск,Ж,46,4,107073.27,2,1,1,30984.59,1
15641931,582,Ростов Великий,М,32,1,88938.62,1,1,1,10054.53,0
15855614,785,Ростов Великий,Ж,36,2,99806.85,1,0,1,36976.52,0
15645048,605,Рыбинск,М,33,5,150092.8,1,0,0,71862.79,0
15787425,479,Ростов Великий,М,35,9,92833.89,1,1,0,99449.86,1
15846262,685,Ростов Великий,М,30,3,90536.81,1,0,1,63082.88,0
15708526,538,Ростов Великий,М,39,7,108055.1,2,1,0,27231.26,0
15758687,562,Ярославль,М,42,2,100238.35,1,0,0,86797.41,0
15633836,675,Рыбинск,М,36,9,106190.55,1,0,1,22994.32,0
15652354,721,Ростов Великий,М,28,9,154475.54,2,0,1,101300.94,1
15718258,628,Ростов Великий,Ж,30,9,132351.29,2,1,1,74169.13,0
15748248,668,Ростов Великий,Ж,37,6,167864.4,1,1,0,115638.29,0
15740764,506,Ярославль,Ж,41,1,,2,1,0,31766.3,0
15704406,524,Ростов Великий,Ж,31,8,107818.63,1,1,0,199725.39,1
15643517,699,Ростов Великий,М,34,4,185173.81,2,1,0,120834.48,0
15725208,828,Ярославль,М,34,8,129433.34,2,0,0,38131.77,0
15622939,674,Рыбинск,М,39,6,120193.42,1,0,0,100130.95,0
15733409,656,Ярославль,Ж,39,6,,2,1,0,141069.88,0
15802821,684,Ростов Великий,Ж,48,10,126384.42,1,1,1,198129.36,0
15822395,625,Ярославль,Ж,28,3,,1,0,0,183646.41,0
15670096,432,Ярославль,М,42,9,152603.45,1,1,0,110265.24,1
15713873,549,Ярославль,Ж,52,1,,1,0,1,8636.05,1
15825424,625,Ростов Великий,М,56,0,148507.24,1,1,0,46824.08,1
15618228,828,Ярославль,Ж,41,7,,2,1,0,171378.77,0
15634343,770,Ярославль,М,24,9,101827.07,1,1,0,167256.35,0
15783140,758,Ярославль,Ж,34,3,,2,1,1,124226.16,0
15761105,795,Ростов Великий,Ж,33,9,130862.43,1,1,1,114935.21,0
15720607,687,Ярославль,М,38,9,122570.87,1,1,1,35608.88,0
15684740,686,Ярославль,М,25,1,,2,0,1,16459.37,0
15755279,789,Ростов Великий,М,39,7,124828.46,2,1,1,124411.08,0
15627254,589,Ростов Великий,Ж,50,5,144895.05,2,1,1,34941.23,0
15845117,461,Ростов Великий,Ж,34,5,63663.93,1,0,1,167784.28,0
15652892,637,Ярославль,М,40,2,133463.1,1,0,1,93165.34,0
15637144,584,Рыбинск,Ж,48,2,213146.2,1,1,0,75161.25,1
15683641,579,Рыбинск,Ж,35,1,129490.36,2,0,1,8590.83,1
15741668,756,Ростов Великий,М,44,10,137452.09,1,1,0,189543.9,0
15767680,663,Ярославль,М,34,7,,2,1,1,180427.24,0
15670881,682,Ярославль,Ж,43,5,125851.93,1,1,1,193318.33,0
15756219,793,Рыбинск,М,52,2,,1,1,0,159123.82,1
15655086,691,Ярославль,Ж,31,5,40915.55,1,1,0,126213.84,1
15843439,485,Рыбинск,Ж,21,5,113157.22,1,1,1,54141.5,0
15748443,635,Рыбинск,Ж,29,8,138296.94,2,1,0,141075.51,0
15796841,650,Ярославль,М,37,5,106967.18,1,0,0,24495.03,0
15746000,735,Ярославль,М,44,9,120681.63,1,1,0,74836.34,0
15837149,416,Ярославль,М,32,0,,2,0,1,878.87,0
15692973,754,Рыбинск,Ж,32,7,,2,1,0,89520.75,0
15802354,535,Ярославль,Ж,48,9,,1,1,0,149892.79,1
15854325,716,Рыбинск,М,42,8,,2,1,0,180800.42,0
15731780,539,Ярославль,М,37,2,127609.59,1,1,0,98646.22,0
15752104,614,Ярославль,Ж,43,6,,2,1,1,109041.53,0
15721881,706,Рыбинск,М,57,7,,1,1,0,17941.16,1
15697743,758,Ярославль,Ж,33,7,,2,0,0,82996.47,0
15666331,586,Рыбинск,Ж,28,2,,2,1,1,92067.35,0
15632711,646,Ярославль,Ж,73,6,97259.25,1,0,1,104719.66,0
15846753,631,Ростов Великий,Ж,33,4,123246.7,1,0,0,112687.57,0
15734868,717,Рыбинск,Ж,22,6,101060.25,1,0,1,84699.56,0
15683858,684,Ярославль,М,30,2,,2,1,0,83473.82,0
15673646,800,Ярославль,Ж,49,7,108007.36,1,0,0,47125.11,0
15723508,721,Рыбинск,Ж,36,2,,2,1,1,106977.8,0
15701665,683,Рыбинск,М,29,0,133702.89,1,1,0,55582.54,1
15628124,660,Ростов Великий,М,31,9,125189.75,2,1,1,139874.43,0
15767359,704,Ростов Великий,Ж,24,7,113034.22,1,1,0,162503.48,1
15631273,615,Рыбинск,Ж,41,9,109013.23,1,1,0,196499.96,0
15617428,667,Рыбинск,Ж,39,2,,2,1,0,40721.24,1
15654061,682,Ростов Великий,М,24,9,57929.81,2,0,0,53134.3,0
15630298,484,Ярославль,Ж,29,4,130114.39,1,1,0,164017.89,0
15655908,628,Ростов Великий,М,27,5,95826.49,2,1,0,155996.96,0
15693758,480,Ростов Великий,М,44,10,129608.57,1,1,0,5472.7,1
15629046,578,Ярославль,М,30,4,169462.09,1,1,0,112187.11,0
15668260,512,Ярославль,М,40,5,,2,1,1,146457.83,0
15797945,484,Рыбинск,Ж,35,7,133868.21,1,1,1,27286.1,0
15687984,510,Ярославль,Ж,30,0,,2,1,1,130553.47,0
15833091,606,Ростов Великий,М,36,5,190479.48,2,0,0,179351.89,0
15805351,597,Рыбинск,Ж,40,8,101993.12,1,0,1,94774.12,0
15668162,754,Ростов Великий,Ж,55,3,161608.81,1,1,0,8080.85,1
15759070,850,Рыбинск,Ж,45,2,122311.21,1,1,1,19482.5,0
15832405,510,Ярославль,М,65,2,,2,1,1,48071.61,0
15663811,778,Ростов Великий,Ж,45,1,162150.42,2,1,0,174531.27,0
15853581,636,Ярославль,М,42,2,,2,1,1,55470.78,0
15762113,804,Ярославль,Ж,50,4,,1,1,1,8546.87,1
15697242,514,Ярославль,М,32,8,,2,1,0,95857.18,0
15814713,730,Ярославль,Ж,39,1,99010.67,1,1,0,194945.8,0
15751446,525,Рыбинск,Ж,37,0,,1,0,1,131521.72,0
15769412,616,Рыбинск,М,30,5,,2,0,1,196108.51,0
15630157,687,Ростов Великий,Ж,34,7,111388.18,2,1,0,148564.76,0
15769667,715,Ярославль,Ж,41,8,56214.85,2,0,0,92982.61,1
15813822,512,Ярославль,Ж,36,3,84327.77,2,1,0,17675.36,0
15799586,479,Ярославль,М,40,1,,2,0,0,114996.43,0
15745477,601,Ярославль,М,32,8,93012.89,1,1,0,86957.42,0
15721936,580,Рыбинск,М,29,9,61710.44,2,1,0,128077.8,0
15637551,807,Ярославль,М,35,3,174790.15,1,1,1,600.36,0
15678641,616,Рыбинск,Ж,32,6,,2,1,1,43001.46,0
15820628,721,Ростов Великий,М,37,3,107720.64,1,1,1,158591.12,0
15698912,501,Ярославль,М,57,10,,2,1,1,47847.19,0
15853863,521,Ярославль,М,35,6,96423.84,1,1,0,10488.44,0
15647218,850,Рыбинск,М,30,2,141040.01,1,1,1,5978.2,0
15665647,759,Ярославль,М,42,4,105420.18,1,0,1,121409.06,0
15643710,516,Рыбинск,М,50,5,,1,0,1,146145.93,1
15770604,711,Ярославль,Ж,38,2,129022.06,2,1,1,14374.86,1
15670537,512,Рыбинск,М,33,3,176666.62,1,1,0,94670.77,0
15815775,550,Ярославль,М,37,3,,1,1,1,179670.31,0
15797998,608,Рыбинск,Ж,41,3,89763.84,1,0,0,199304.74,1
15722267,618,Ярославль,М,34,5,134954.53,1,1,1,151954.39,0
15726917,643,Ярославль,М,45,5,,1,1,0,142513.5,1
15654823,671,Ярославль,М,45,2,106376.85,1,0,1,158264.62,0
15794783,689,Ростов Великий,М,33,2,161814.64,2,1,0,169381.9,0
15667328,603,Ярославль,М,31,8,,2,1,1,169915.02,0
15615888,620,Ярославль,Ж,41,9,,2,0,0,88852.47,0
15637653,676,Ярославль,Ж,34,1,63095.01,1,1,1,40645.81,0
15828278,572,Ростов Великий,М,26,4,118287.01,2,0,0,60427.3,0
15766224,668,Ростов Великий,М,47,7,106854.21,1,0,1,157959.02,1
15723656,695,Ярославль,М,46,7,49512.55,1,1,0,133007.34,0
15829044,730,Рыбинск,Ж,33,9,,2,0,0,176576.62,0
15702102,807,Ярославль,М,43,1,105799.32,2,1,0,34888.04,1
15817590,592,Ярославль,М,54,8,,1,1,1,28737.71,1
15768047,726,Ярославль,Ж,31,9,114722.05,2,1,1,98178.57,0
15829891,514,Рыбинск,М,30,7,,1,0,1,125010.24,0
15770565,567,Ярославль,М,42,2,,2,1,1,167984.61,0
15775983,850,Ярославль,М,33,10,,1,1,0,4861.72,1
15611484,671,Ростов Великий,М,45,6,99564.22,1,1,1,108872.45,1
15741765,670,Ярославль,М,37,4,170557.91,2,1,0,198252.88,0
15817129,694,Ярославль,Ж,30,9,,2,1,1,26960.31,0
15719631,547,Ростов Великий,Ж,39,6,74596.15,3,1,1,85746.52,1
15680489,751,Ростов Великий,М,50,2,96888.39,1,1,0,77206.25,1
15648197,594,Ростов Великий,Ж,29,3,130830.22,1,1,0,61048.53,0
15851209,673,Ярославль,М,72,1,,2,0,1,111981.19,0
15669736,610,Ярославль,М,40,0,,2,1,0,62232.6,0
15829910,512,Ярославль,Ж,37,1,,2,0,1,156105.03,0
15766622,767,Ростов Великий,М,20,3,119714.25,2,0,1,150135.38,0
15747505,585,Ярославль,Ж,67,5,113978.97,2,0,1,93146.11,0
15815632,763,Ростов Великий,М,42,6,100160.75,1,1,0,33462.94,1
15754276,712,Ярославль,Ж,29,2,,1,1,1,144375.0,0
15807602,539,Ростов Великий,Ж,43,3,116220.5,3,1,0,55803.96,1
15836792,668,Ярославль,Ж,46,2,,3,1,0,89048.46,1
15837885,703,Ярославль,М,28,2,81173.83,2,0,1,162812.16,0
15854745,662,Рыбинск,М,38,4,,2,1,0,136259.65,0
15693737,725,Ростов Великий,Ж,39,5,116803.8,1,1,0,124052.97,0
15856580,703,Ярославль,М,37,8,105961.68,2,0,1,74158.8,0
15638911,659,Ростов Великий,М,67,6,117411.6,1,1,1,45071.09,1
15619005,523,Рыбинск,М,34,7,,2,1,0,62030.06,0
15839955,635,Ярославль,Ж,40,10,123497.58,1,1,0,131953.23,1
15728236,772,Ростов Великий,М,26,7,152400.51,2,1,0,79414.0,0
15642528,545,Ярославль,Ж,26,1,,2,1,1,199638.56,0
15700302,634,Ростов Великий,М,24,8,103097.85,1,1,1,157577.29,0
15815159,739,Ростов Великий,М,54,8,126418.14,1,1,0,134420.75,1
15670848,771,Ростов Великий,Ж,36,5,77846.9,1,0,0,99805.99,0
15796490,587,Рыбинск,Ж,34,1,,2,1,1,97932.68,0
15836462,681,Ярославль,Ж,79,0,,2,0,1,170968.99,0
15737453,544,Ростов Великий,М,37,2,79731.91,1,1,1,57558.95,0
15708570,696,Рыбинск,М,28,8,,1,0,0,176713.47,0
15808033,766,Рыбинск,М,41,0,,2,0,1,34283.23,0
15679420,727,Ярославль,М,34,10,,2,1,1,198637.34,0
15635715,671,Ростов Великий,Ж,34,6,37266.67,2,0,0,156917.12,0
15793539,693,Ярославль,Ж,30,6,127992.25,1,1,1,50457.2,0
15649914,850,Ростов Великий,М,38,3,54901.01,1,1,1,140075.55,0
15756589,732,Ростов Великий,М,42,9,108748.08,2,1,1,65323.11,0
15716217,726,Рыбинск,Ж,48,6,99906.19,1,1,0,64323.24,0
15729512,557,Ярославль,Ж,32,6,184686.41,2,1,0,14956.44,0
15716429,682,Ярославль,Ж,26,0,110654.02,1,0,1,111879.21,0
15743432,738,Рыбинск,М,31,9,79019.8,1,1,1,18606.23,0
15855899,531,Рыбинск,Ж,36,9,99240.51,1,1,0,123137.01,0
15696593,498,Ярославль,М,34,2,,2,1,1,148528.24,0
15819812,651,Ярославль,М,36,7,,2,1,0,13898.31,0
15760134,549,Рыбинск,Ж,39,7,,1,0,0,81259.25,1
15841953,791,Ростов Великий,Ж,35,7,52436.2,1,1,0,161051.75,0
15829807,650,Рыбинск,М,41,9,,2,0,1,191599.67,0
15662691,733,Ростов Великий,М,34,3,100337.96,3,1,0,48559.19,1
15839241,811,Ростов Великий,Ж,34,1,149297.19,2,1,1,186339.74,0
15767902,707,Ярославль,М,30,8,,2,1,0,33159.37,0
15842852,712,Ростов Великий,М,28,4,145605.44,1,0,1,93883.53,0
15801421,706,Рыбинск,Ж,37,7,,2,1,1,110899.3,0
15737192,756,Ярославль,М,62,3,,1,1,1,11199.04,1
15810075,777,Ярославль,Ж,53,10,,2,1,0,189992.97,0
15726298,646,Ярославль,М,35,6,84026.86,1,0,1,164255.69,0
15824946,714,Ярославль,М,46,1,,1,1,0,152167.79,1
15711629,782,Ярославль,М,39,8,,2,1,1,33949.67,0
15711905,775,Рыбинск,М,29,10,,2,1,1,68143.93,0
15685760,479,Ростов Великий,М,35,4,138718.92,1,1,1,47251.79,1
15742125,807,Ярославль,М,42,7,118274.71,1,1,1,25885.72,0
15751344,799,Ярославль,Ж,22,8,174185.98,2,0,1,192633.85,0
15668880,675,Ярославль,М,40,7,113208.86,2,1,0,34577.36,0
15615848,602,Рыбинск,М,29,5,103907.28,1,1,0,161229.84,0
15833414,475,Ярославль,Ж,32,8,119023.28,1,1,0,100816.29,0
15770292,744,Рыбинск,Ж,26,5,166297.89,1,1,1,181694.44,0
15740043,588,Рыбинск,М,34,10,,2,1,0,79078.91,0
15695002,703,Ростов Великий,М,42,9,63227.0,1,0,1,137316.32,0
15649834,747,Рыбинск,Ж,41,5,94521.17,2,1,0,194926.86,0
15698510,583,Ярославль,М,27,7,,2,1,0,51285.49,0
15632977,750,Рыбинск,Ж,34,9,112822.26,1,0,0,150401.53,1
15828555,681,Ярославль,М,38,3,,2,1,1,112491.96,0
15766390,773,Ярославль,М,25,2,135903.33,1,1,0,73656.38,0
15817246,714,Ярославль,Ж,31,4,125169.26,1,1,1,106636.89,0
15726909,687,Рыбинск,Ж,44,7,,3,1,0,155853.52,1
15692804,511,Ярославль,М,58,0,149117.31,1,1,1,162599.51,0
15854226,627,Ярославль,М,33,5,,2,1,1,103737.82,0
15846712,694,Ярославль,Ж,31,10,,2,1,0,160990.27,0
15725277,616,Рыбинск,Ж,36,6,132311.71,1,0,0,15462.84,0
15738435,687,Ярославль,М,35,8,,2,1,0,10334.05,0
15666924,712,Ярославль,Ж,33,6,,2,1,1,190686.16,0
15854927,553,Ярославль,М,33,4,118082.89,1,0,0,94440.45,0
15679409,667,Ярославль,М,31,1,119266.69,1,1,1,28257.63,0
15637634,731,Ярославль,М,43,2,,1,1,1,170034.95,1
15702947,629,Ростов Великий,М,35,7,156847.29,2,1,0,31824.29,0
15816708,614,Ярославль,М,50,4,137104.47,1,1,0,127166.49,1
15789462,438,Ростов Великий,М,31,8,78398.69,1,1,0,44937.01,0
15755023,652,Ярославль,Ж,80,4,,2,1,1,188603.07,0
15745655,729,Ростов Великий,М,30,6,63669.42,1,1,0,145111.37,0
15717134,642,Ярославль,М,38,3,,2,0,0,171463.83,0
15840696,806,Ростов Великий,Ж,59,0,135296.33,1,1,0,182822.5,0
15674604,744,Рыбинск,М,36,2,153804.44,1,1,1,87213.33,0
15624275,474,Рыбинск,М,37,3,,2,0,0,57175.32,0
15705472,559,Ярославль,М,49,2,147069.78,1,1,0,120540.83,1
15708988,706,Рыбинск,М,42,9,,2,1,1,28714.34,0
15720248,628,Рыбинск,Ж,22,3,,1,1,0,85426.28,0
15668850,429,Ярославль,М,24,4,95741.75,1,1,0,46170.75,0
15853570,525,Рыбинск,Ж,57,2,145965.33,1,1,1,64448.36,0
15721646,680,Ярославль,Ж,30,8,141441.75,1,1,1,16278.97,0
15737144,749,Ярославль,М,40,1,139290.41,1,1,0,182855.42,1
15627951,763,Ярославль,Ж,31,4,,2,0,0,50404.72,0
15725493,734,Ярославль,М,30,3,,2,1,0,107640.25,0
15779337,716,Ярославль,М,35,4,144428.87,1,1,0,134132.65,0
15644584,594,Ярославль,М,35,2,,2,1,0,103480.69,0
15778744,644,Ярославль,Ж,46,9,95441.27,1,1,0,108761.05,1
15711800,671,Ростов Великий,М,35,1,144848.74,1,1,1,179012.3,0
15667264,664,Ростов Великий,М,26,7,116244.14,2,1,1,95145.14,0
15641229,656,Ярославль,М,50,7,,2,0,1,72143.44,0
15644010,667,Рыбинск,Ж,40,1,146502.07,1,1,0,19162.89,0
15745405,663,Ростов Великий,М,44,2,117028.6,2,0,1,144680.18,0
15771405,584,Ростов Великий,Ж,30,8,112013.81,1,1,0,177772.03,1
15785404,626,Рыбинск,Ж,37,6,108269.37,1,1,0,5597.94,0
15740177,485,Ярославль,М,29,7,182123.79,1,1,0,116828.51,1
15783212,659,Ростов Великий,Ж,32,3,150923.74,2,0,1,174652.51,0
15690800,649,Ярославль,М,33,2,,2,1,0,2010.98,0
15679360,805,Рыбинск,Ж,39,5,165272.13,1,1,0,14109.85,1
15850659,716,Ростов Великий,Ж,39,10,115301.31,1,1,0,43527.4,1
15788580,642,Ростов Великий,Ж,40,6,129502.49,2,0,1,86099.23,1
15828906,659,Ярославль,М,31,4,118342.26,1,0,0,161574.19,0
15723817,545,Рыбинск,Ж,47,5,,2,1,1,38970.14,0
15727220,543,Ярославль,М,22,8,,2,0,0,127587.22,0
15828605,718,Ярославль,Ж,25,7,,2,1,0,30380.12,0
15806595,840,Ярославль,Ж,43,7,,2,1,0,90908.95,0
15701671,630,Ростов Великий,Ж,34,9,106937.05,2,1,0,138275.01,0
15790094,643,Ростов Великий,М,59,3,170331.37,1,1,1,32171.79,0
15777939,654,Ростов Великий,Ж,32,1,114510.85,1,1,1,126143.23,0
15618992,582,Ярославль,М,39,5,,2,1,1,129892.93,0
15702156,659,Рыбинск,М,32,3,107594.11,2,1,1,102416.84,0
15636101,762,Рыбинск,М,39,2,81273.13,1,1,1,18719.67,0
15820088,568,Рыбинск,Ж,32,7,169399.6,1,1,0,61936.22,0
15854743,670,Рыбинск,М,25,6,,2,1,1,78358.94,0
15668197,613,Ярославль,Ж,45,1,187841.99,2,1,1,147224.27,0
15782174,539,Ярославль,М,30,0,,2,1,0,160979.66,0
15654495,850,Рыбинск,Ж,57,8,126776.3,2,1,1,132298.49,0
15704365,522,Рыбинск,М,34,9,126436.29,1,1,0,174248.52,1
15676686,737,Ярославль,М,41,1,101960.74,1,1,1,123547.28,0
15635122,520,Ярославль,М,58,3,,2,0,1,32790.02,0
15846452,706,Рыбинск,М,28,3,,2,0,1,181543.67,0
15739410,643,Ростов Великий,Ж,45,2,150842.93,1,0,1,2319.96,1
15749101,648,Ярославль,Ж,50,9,102535.57,1,1,1,189543.19,0
15787824,443,Ростов Великий,Ж,29,9,99027.61,2,1,0,10940.4,0
15719451,640,Ярославль,М,68,9,,2,1,1,199493.38,0
15655821,628,Рыбинск,Ж,33,3,,1,1,1,188193.25,0
15676273,540,Ростов Великий,Ж,42,9,87271.41,2,1,0,172572.64,0
15637456,460,Ростов Великий,Ж,35,8,102742.91,2,1,1,189339.6,0
15726778,636,Ростов Великий,М,34,2,40105.51,2,0,1,53512.16,0
15626039,593,Ярославль,Ж,29,2,152265.43,1,1,0,34004.44,0
15654315,801,Рыбинск,М,42,4,141947.67,1,1,1,10598.29,0
15817432,640,Ростов Великий,Ж,75,1,106307.91,2,0,1,113428.77,0
15737242,611,Ростов Великий,М,31,0,107884.81,2,1,1,183487.98,0
15730810,802,Ростов Великий,М,31,1,125013.72,1,1,1,187658.09,0
15802273,717,Ростов Великий,М,35,7,58469.37,2,1,1,172459.39,0
15801185,769,Ярославль,Ж,39,8,,1,0,1,21016.0,0
15626192,745,Ростов Великий,М,45,10,117231.63,3,1,1,122381.02,1
15710607,572,Рыбинск,М,35,4,152390.26,1,1,0,128123.66,0
15720107,629,Рыбинск,Ж,30,2,34013.63,1,1,0,19570.63,0
15672413,687,Рыбинск,Ж,39,2,,3,0,0,188150.6,1
15756314,483,Ярославль,Ж,50,9,,2,1,1,111020.24,0
15634245,690,Ярославль,М,36,7,101583.11,2,1,0,123775.15,0
15610976,492,Ростов Великий,Ж,30,10,77168.87,2,0,1,146700.22,0
15665729,709,Ростов Великий,М,28,8,124695.72,2,1,0,145251.35,0
15732030,705,Ростов Великий,М,44,3,105934.96,1,1,0,82463.69,0
15763646,560,Ярославль,Ж,66,9,,1,1,1,15928.49,0
15763917,611,Рыбинск,М,46,6,,2,1,0,45886.33,0
15819169,730,Рыбинск,М,62,2,,2,1,1,186489.95,0
15791672,709,Рыбинск,Ж,45,2,,2,0,1,162922.65,0
15759961,544,Ярославль,Ж,21,10,161525.96,2,1,0,9262.77,0
15727962,712,Ростов Великий,Ж,29,7,147199.07,1,1,1,84932.4,0
15828347,752,Ростов Великий,М,38,3,183102.29,1,1,1,71557.12,0
15616192,648,Рыбинск,М,46,9,127209.0,2,1,0,77405.95,1
15727284,556,Рыбинск,М,38,8,,2,0,0,417.41,1
15663241,594,Рыбинск,Ж,24,0,97378.54,1,1,1,71405.17,0
15850168,645,Ростов Великий,Ж,37,2,136925.09,2,0,1,153400.24,0
15627502,557,Ярославль,М,33,3,54503.55,1,1,1,371.05,0
15654923,547,Ростов Великий,М,32,8,155726.85,1,1,0,67789.99,0
15804954,701,Ярославль,Ж,39,9,,2,0,1,145894.9,0
15689108,616,Ярославль,Ж,66,1,135842.41,1,1,0,183840.51,1
15733188,605,Ярославль,М,52,1,63349.75,1,1,0,108887.44,0
15790531,593,Ростов Великий,Ж,38,4,129499.42,1,1,1,154071.27,0
15824325,751,Рыбинск,М,52,8,,2,0,1,179291.85,0
15775410,443,Рыбинск,М,36,6,70438.01,2,0,1,56937.43,0
15685027,685,Ярославль,М,23,8,,2,1,1,112239.03,0
15735497,718,Ярославль,М,36,9,,1,1,0,45909.87,0
15620781,538,Рыбинск,Ж,49,9,141434.04,1,0,0,173779.25,1
15788090,611,Рыбинск,Ж,37,4,,2,1,0,125696.26,0
15744112,668,Ростов Великий,М,37,10,152958.29,2,1,1,159585.61,0
15734361,537,Ростов Великий,Ж,41,3,138306.34,1,1,0,106761.47,0
15609330,709,Рыбинск,М,23,10,,2,0,0,129590.18,0
15803167,850,Ярославль,М,38,1,,2,1,1,80006.65,0
15729038,745,Рыбинск,Ж,31,3,124328.84,1,1,1,140451.52,0
15844295,693,Ростов Великий,Ж,41,9,181461.48,3,1,1,187929.43,1
15853168,795,Рыбинск,М,35,8,,2,1,0,167155.36,0
15852352,626,Рыбинск,М,26,8,,2,0,0,191420.71,0
15763295,487,Ростов Великий,Ж,61,5,110368.03,1,0,0,11384.45,1
15738368,556,Ярославль,Ж,39,9,89588.35,1,1,1,94898.1,0
15702579,643,Ярославль,Ж,46,6,,2,0,0,106781.59,0
15658360,605,Ярославль,Ж,28,6,,2,0,0,159508.52,0
15853154,756,Ростов Великий,Ж,60,3,115924.89,1,1,0,93524.19,1
15758922,586,Ярославль,Ж,38,2,,2,1,0,87168.46,0
15717287,535,Ростов Великий,М,40,7,111756.5,1,1,0,8128.32,1
15665570,678,Ярославль,Ж,35,4,,1,1,0,125518.32,0
15608847,596,Ярославль,М,39,9,,1,1,0,48963.59,0
15827333,648,Ярославль,М,26,9,162923.85,1,1,0,98368.24,0
15695619,492,Ростов Великий,М,39,10,124576.65,2,1,0,148584.61,0
15849700,702,Ярославль,М,45,0,80793.58,1,1,1,27474.81,0
15619049,486,Ростов Великий,Ж,40,9,71340.09,1,1,0,76192.21,0
15849203,568,Ростов Великий,М,40,1,99282.63,1,0,0,134600.94,1
15640338,619,Ростов Великий,М,57,3,137946.39,1,1,1,72467.99,1
15785776,724,Ростов Великий,М,41,2,127892.57,2,0,1,199645.45,0
15748257,548,Ростов Великий,Ж,33,0,101084.36,1,1,0,42749.85,0
15637775,545,Ростов Великий,Ж,37,8,114754.08,1,1,0,136050.44,1
15842120,683,Ярославль,М,33,8,,1,0,0,73564.44,0
15623933,762,Ярославль,Ж,51,3,99286.98,1,0,1,85578.63,0
15736473,627,Ростов Великий,Ж,30,4,79871.02,2,1,0,129826.89,0
15667359,516,Ярославль,М,35,10,104088.59,2,0,0,119666.0,0
15826237,800,Ярославль,Ж,38,2,168190.33,2,1,0,68052.08,0
15732870,464,Ростов Великий,Ж,42,3,85679.25,1,1,1,164104.74,0
15825471,626,Ярославль,Ж,35,3,,1,0,0,80190.36,0
15653824,790,Ярославль,Ж,31,9,,2,1,0,84126.75,0
15714881,534,Ярославль,Ж,34,7,121551.58,2,1,1,70179.0,0
15775364,745,Ярославль,М,46,2,122220.19,1,1,1,118024.1,0
15830206,553,Рыбинск,М,47,3,116528.15,1,0,0,145704.19,1
15846142,748,Ярославль,Ж,26,1,77780.29,1,0,1,183049.41,0
15773196,722,Ярославль,М,37,2,,1,0,0,120906.83,0
15687308,501,Ярославль,М,40,4,125832.2,1,1,1,100433.83,0
15737596,675,Ярославль,Ж,38,6,68065.8,1,0,0,138777.0,1
15700905,778,Рыбинск,Ж,47,6,127299.34,2,1,0,124694.99,0
15837132,494,Ростов Великий,Ж,38,7,174937.64,1,1,0,40084.32,0
15828534,850,Ярославль,М,40,9,,2,0,1,119232.33,0
15753561,592,Рыбинск,М,31,7,110071.1,1,0,0,43921.36,0
15711180,590,Рыбинск,Ж,44,3,139432.37,1,1,0,62222.81,0
15769367,758,Ярославль,Ж,39,6,127357.76,1,0,1,56577.0,0
15776533,506,Ярославль,М,36,5,,2,1,0,164253.35,0
15790696,733,Ярославль,М,33,3,,1,1,1,7666.73,0
15677368,711,Ярославль,М,38,3,,2,1,0,68487.51,0
15750098,514,Ростов Великий,М,43,1,95556.31,1,0,1,199273.98,1
15705712,637,Рыбинск,М,37,8,,1,1,1,186062.36,0
15775514,468,Ростов Великий,М,29,1,111681.98,2,1,1,195711.16,0
15761179,539,Ярославль,М,39,3,,2,1,0,36692.17,0
15712775,509,Рыбинск,Ж,25,3,108738.71,2,1,0,106920.57,0
15816528,662,Ярославль,Ж,32,4,133950.37,1,1,1,48725.68,1
15656522,818,Рыбинск,М,26,4,,2,1,1,167036.94,0
15768768,608,Ярославль,М,33,9,89968.69,1,1,0,68777.26,0
15705988,850,Рыбинск,Ж,32,9,,2,1,1,18924.92,0
15636518,816,Ростов Великий,Ж,38,5,130878.75,3,1,0,71905.77,1
15676019,536,Ярославль,М,35,8,,2,1,0,64833.28,0
15791903,753,Ярославль,М,35,3,,2,1,1,184843.77,0
15802034,631,Рыбинск,М,27,10,134169.62,1,1,1,176730.02,0
15726361,703,Ярославль,М,37,1,149762.08,1,1,0,20629.4,1
15678103,774,Ярославль,М,26,2,93844.69,1,1,0,28415.36,0
15724441,785,Ярославль,М,28,8,,2,1,0,77231.27,0
15645892,571,Ярославль,Ж,33,1,,2,1,0,102750.7,0
15634722,621,Ростов Великий,М,46,6,141078.37,1,0,0,34580.8,1
15841624,605,Ростов Великий,Ж,31,1,117992.59,1,1,1,183598.77,0
15852458,611,Ярославль,Ж,40,8,100812.33,2,1,0,147358.27,0
15720274,569,Ярославль,М,38,7,,1,1,1,108469.2,0
15840472,658,Ярославль,М,29,4,80262.6,1,1,1,20612.82,0
15738321,788,Рыбинск,М,34,6,156478.62,1,0,1,181196.76,0
15787134,525,Ярославль,Ж,23,5,,2,1,0,160249.1,0
15793394,798,Ярославль,М,37,8,,3,0,0,110783.28,0
15620922,486,Ростов Великий,М,37,9,115217.99,2,1,0,144995.33,0
15719255,615,Рыбинск,М,61,9,,2,1,0,150227.85,1
15680690,730,Ярославль,Ж,35,0,155470.55,1,1,1,53718.28,0
15801375,641,Ярославль,М,37,7,,2,1,0,75248.3,0
15656508,542,Ярославль,М,39,3,135096.77,1,1,1,14353.43,1
15774480,692,Ярославль,М,30,2,,2,0,1,130486.57,0
15850445,714,Ростов Великий,Ж,55,9,180075.22,1,1,1,100127.71,0
15757425,591,Рыбинск,М,29,1,97541.24,1,1,1,196356.17,0
15741741,710,Ярославль,Ж,41,2,156067.05,1,1,1,9983.88,0
15666906,639,Ярославль,Ж,38,4,81550.94,2,0,1,118974.77,0
15768415,531,Ярославль,Ж,47,6,,1,0,0,194998.34,1
15628601,673,Ярославль,Ж,38,2,170061.92,2,0,0,134901.34,1
15846992,765,Ростов Великий,М,36,8,92310.54,2,1,1,72924.56,0
15705139,622,Ярославль,Ж,32,6,169089.38,2,1,0,101057.95,0
15776352,806,Ярославль,М,40,5,80613.93,1,1,1,142838.64,0
15634731,757,Ростов Великий,М,26,8,121581.56,2,1,1,127059.04,0
15719756,570,Ярославль,Ж,58,8,,1,0,1,116503.92,1
15770424,555,Рыбинск,М,32,4,,2,1,1,54405.79,0
15758677,692,Ярославль,М,54,5,,2,1,1,88721.84,0
15757221,774,Ярославль,М,60,5,85891.55,1,1,0,74135.48,1
15772795,638,Рыбинск,М,44,9,77637.35,2,1,1,111346.22,0
15758263,543,Рыбинск,Ж,41,4,,1,0,0,194902.16,0
15619359,584,Ярославль,М,31,5,,2,1,0,31474.27,0
15848301,691,Ростов Великий,М,30,7,116927.89,1,1,0,21198.39,0
15720043,684,Ростов Великий,Ж,40,6,137326.65,1,1,0,186976.6,0
15816626,733,Ярославль,М,22,5,,2,1,1,117202.19,0
15641619,599,Рыбинск,Ж,37,2,,2,1,1,143739.29,0
15611242,524,Ростов Великий,Ж,31,10,67238.98,2,1,1,161811.23,0
15803779,632,Ростов Великий,Ж,38,6,86569.76,2,1,0,98090.91,0
15824972,735,Рыбинск,М,34,5,,2,0,0,71095.41,0
15636337,734,Ярославль,М,34,6,133598.4,1,1,1,13107.24,0
15724784,605,Ярославль,Ж,51,3,136188.78,1,1,1,67110.59,1
15789638,793,Рыбинск,М,38,9,,2,1,0,88225.02,0
15794817,468,Ярославль,Ж,56,10,,3,0,1,62256.87,1
15824043,779,Ростов Великий,М,37,7,120092.52,2,1,0,135925.72,0
15818648,698,Ярославль,М,48,4,101238.24,2,0,1,177815.87,1
15788153,707,Ярославль,М,58,6,89685.92,1,0,1,126471.13,0
15713992,850,Ярославль,Ж,35,1,211774.31,1,1,0,188574.12,1
15696283,850,Ярославль,М,56,7,131317.48,1,1,1,119175.45,0
15638502,527,Рыбинск,М,37,5,93722.73,2,1,1,139093.73,0
15785094,696,Ростов Великий,М,32,8,101160.99,1,1,1,115916.55,0
15806010,661,Ярославль,М,48,3,120320.54,1,0,0,96463.25,0
15828799,776,Ярославль,Ж,31,2,,2,1,1,112349.51,0
15642994,701,Ярославль,М,43,2,,2,1,1,165303.79,0
15616054,610,Ярославль,М,26,8,,2,1,0,166031.08,0
15696585,572,Ростов Великий,Ж,48,3,152827.99,1,1,0,38411.79,1
15737008,673,Ярославль,М,30,1,64097.75,1,1,1,77783.35,0
15778848,519,Рыбинск,Ж,57,2,119035.35,2,1,1,29871.79,0
15792587,702,Рыбинск,Ж,26,4,135219.57,1,0,1,59747.63,0
15706214,729,Ярославль,М,32,6,93694.42,1,1,1,79919.13,0
15635036,543,Рыбинск,М,35,10,59408.63,1,1,0,76773.53,0
15610568,550,Ярославль,Ж,40,7,114354.95,1,1,0,54018.93,0
15819516,608,Ярославль,М,59,1,,1,1,0,70649.64,1
15635582,639,Ростов Великий,М,35,10,128173.9,2,1,0,59093.39,0
15782539,686,Рыбинск,М,34,9,,2,1,0,127569.8,0
15836878,564,Ростов Великий,Ж,62,5,114931.35,3,0,1,18260.98,1
15805465,745,Ростов Великий,Ж,28,1,111071.36,1,1,0,73275.96,1
15710632,833,Ярославль,М,37,8,151226.18,2,1,1,136129.49,0
15669314,622,Ярославль,М,26,9,,2,1,1,153237.59,0
15818959,597,Ярославль,Ж,42,4,64740.12,1,1,1,106841.12,0
15748689,721,Рыбинск,М,51,0,169312.13,1,1,0,109078.35,1
15845329,504,Ярославль,Ж,49,7,,3,0,1,87822.14,1
15658193,842,Рыбинск,Ж,44,2,112652.08,2,1,0,126644.98,0
15751652,587,Ярославль,М,38,0,,2,1,0,47414.15,0
15762923,479,Ростов Великий,Ж,30,7,143964.36,2,1,0,41879.99,0
15638176,508,Ярославль,М,49,7,122451.46,2,1,1,75808.1,0
15643387,749,Ярославль,М,24,1,,3,1,1,47911.03,0
15792877,721,Ростов Великий,Ж,36,3,65253.07,2,1,0,28737.78,0
15700020,674,Ростов Великий,М,47,6,106901.94,1,1,1,2079.2,1
15805799,685,Рыбинск,Ж,25,10,128509.63,1,1,0,121562.33,0
15752060,417,Ярославль,М,34,7,,2,1,0,55003.79,0
15754045,574,Ростов Великий,М,33,3,129834.67,1,1,0,193131.42,0
15818054,590,Рыбинск,Ж,51,3,154962.99,3,0,1,191932.27,1
15748251,587,Ростов Великий,М,40,5,138241.9,2,1,0,159418.1,0
15677580,598,Ростов Великий,М,41,3,91536.93,1,1,0,191468.78,1
15759782,741,Рыбинск,М,53,3,,2,1,1,38913.68,0
15614552,850,Рыбинск,Ж,70,5,,1,1,1,705.18,0
15712816,584,Ростов Великий,Ж,29,7,105204.01,1,0,1,138490.03,0
15843176,650,Рыбинск,М,61,1,152968.73,1,0,1,82970.69,0
15708414,607,Рыбинск,М,36,8,158261.68,1,1,1,76744.72,0
15708692,509,Ярославль,Ж,46,1,,1,1,0,71244.59,1
15830862,689,Рыбинск,Ж,38,6,121021.05,1,1,1,12182.15,0
15854509,543,Ярославль,М,36,4,,2,1,1,141210.5,0
15694410,438,Рыбинск,Ж,54,2,,1,0,0,191763.07,1
15732350,687,Рыбинск,Ж,63,1,137715.66,1,1,1,37938.74,0
15838300,737,Ростов Великий,М,31,5,121192.22,2,1,1,74890.58,0
15749383,761,Ярославль,М,31,7,,3,1,1,166698.18,0
15771241,601,Ярославль,М,44,1,100486.18,2,1,1,62678.53,0
15772812,651,Ярославль,М,45,1,,1,1,0,67740.08,1
15664739,745,Ярославль,М,35,9,92566.53,2,1,0,161519.77,0
15650048,648,Рыбинск,Ж,49,10,,2,1,1,159835.78,1
15687489,848,Рыбинск,М,40,3,110929.96,1,1,1,30876.84,0
15696356,546,Ярославль,Ж,27,8,,2,1,1,14858.1,0
15804722,439,Рыбинск,Ж,32,3,138901.61,1,1,0,75685.97,0
15676658,755,Ярославль,М,30,4,123217.66,2,0,1,144183.1,0
15777410,593,Ярославль,Ж,41,6,,1,1,0,65170.66,0
15700768,701,Ярославль,М,39,2,,2,1,1,82526.92,0
15735407,701,Рыбинск,М,36,8,,2,1,0,169161.46,0
15780477,607,Рыбинск,Ж,33,2,108431.87,2,0,1,109291.39,1
15619088,586,Рыбинск,Ж,57,3,,2,0,1,6057.81,0
15796455,547,Ростов Великий,Ж,30,9,72392.41,1,1,0,77077.14,0
15846425,647,Ростов Великий,Ж,51,1,119741.77,2,0,0,54954.51,1
15760793,760,Ярославль,Ж,51,2,100946.71,1,0,0,179614.8,1
15764746,621,Рыбинск,М,53,9,170491.84,1,1,0,35588.07,1
15723734,725,Ярославль,М,44,5,,1,1,1,117356.14,0
15657518,526,Ярославль,М,36,1,,1,1,0,160696.72,0
15633783,519,Рыбинск,Ж,47,6,157296.02,2,0,0,147278.43,1
15831027,713,Ростов Великий,Ж,38,7,144606.22,1,1,1,56594.36,1
15646780,700,Ярославль,М,38,8,134811.3,1,1,0,1299.75,0
15722323,666,Ярославль,Ж,34,9,115897.12,1,1,1,25095.03,0
15817889,630,Рыбинск,М,32,4,82034.0,1,0,0,146326.45,0
15646661,779,Рыбинск,Ж,26,4,174318.13,2,0,1,38296.21,0
15723706,611,Ростов Великий,Ж,41,2,114206.84,1,1,0,164061.6,0
15739919,685,Рыбинск,М,43,9,,2,1,0,107811.28,0
15610182,646,Ростов Великий,М,39,9,111574.41,1,1,1,30838.51,0
15680212,683,Ростов Великий,Ж,57,5,162448.69,1,0,0,9221.78,1
15757675,484,Ростов Великий,Ж,34,4,148249.54,1,0,1,33738.27,0
15726239,601,Ярославль,Ж,43,8,,3,0,1,110916.15,1
15688305,762,Рыбинск,Ж,26,7,123709.46,2,1,1,169654.57,0
15825305,687,Ярославль,Ж,72,9,,1,0,1,69829.4,0
15635123,566,Ярославль,М,30,5,,1,1,0,54926.51,1
15652022,702,Ярославль,М,37,10,150525.8,1,1,1,94728.49,0
15856771,601,Ярославль,М,29,9,,1,1,1,80393.27,0
15703985,699,Ярославль,М,53,4,,2,0,1,111307.98,0
15671853,584,Ярославль,М,28,10,,2,1,0,19834.32,0
15649906,699,Ярославль,М,35,5,,2,1,1,78397.24,0
15629321,698,Ростов Великий,Ж,51,2,111018.98,1,1,0,86410.28,0
15729347,495,Ярославль,М,30,10,129755.99,1,0,0,172749.65,0
15645939,650,Ярославль,Ж,27,6,,2,1,0,1002.39,0
15662593,605,Ярославль,Ж,64,2,129555.7,1,1,1,13601.79,0
15847798,667,Рыбинск,М,38,1,87202.38,1,1,1,77866.91,0
15703007,688,Ростов Великий,М,26,8,146133.39,1,1,1,175296.76,0
15788031,727,Рыбинск,Ж,31,0,,1,1,0,121751.04,1
15762088,754,Рыбинск,М,39,6,170184.99,2,1,0,89593.26,0
15809311,612,Ростов Великий,Ж,62,8,140745.33,1,1,0,193437.89,1
15637330,546,Рыбинск,М,42,7,139070.51,1,1,1,86945.0,0
15688897,673,Рыбинск,Ж,37,8,,2,1,1,183318.79,0
15725321,593,Ярославль,М,35,9,114193.24,1,1,0,71154.1,0
15645870,656,Рыбинск,Ж,40,10,167878.5,1,0,1,151887.16,0
15679180,535,Ростов Великий,Ж,53,5,141616.55,2,1,1,75888.65,0
15816192,678,Ростов Великий,М,36,3,145747.67,2,0,1,89566.74,0
15788043,477,Рыбинск,Ж,48,2,129120.64,1,0,1,26475.79,0
15646855,850,Рыбинск,М,35,7,110349.82,1,0,0,126355.8,0
15669636,427,Ярославль,М,29,1,141325.56,1,1,1,93839.3,0
15648183,752,Ярославль,М,49,2,78653.84,1,1,0,7698.6,0
15631766,649,Ярославль,М,47,1,,2,1,1,145593.85,0
15735199,799,Рыбинск,Ж,28,3,142253.65,1,1,0,45042.56,0
15755139,589,Ярославль,Ж,61,1,,1,1,0,61108.56,1
15854498,583,Ростов Великий,Ж,54,6,115988.86,1,1,0,57553.98,1
15761409,839,Рыбинск,Ж,33,10,75592.43,1,1,0,62674.42,0
15767018,540,Ростов Великий,М,44,3,164113.04,2,1,1,12120.79,0
15780917,850,Ярославль,М,31,6,67996.23,2,0,0,50129.87,1
15676384,696,Рыбинск,Ж,51,5,,2,1,0,55022.43,0
15646059,660,Рыбинск,Ж,33,1,,2,0,0,117834.91,0
15626461,682,Ярославль,М,48,1,138778.15,1,0,1,168840.23,0
15631086,744,Ярославль,Ж,43,10,147832.15,1,0,1,24234.11,0
15841134,785,Ярославль,Ж,36,4,135438.4,1,0,0,190627.01,0
15827580,752,Рыбинск,М,48,5,116060.08,1,1,0,156618.38,1
15623420,706,Ярославль,Ж,29,5,112564.62,1,1,0,42334.38,0
15852399,583,Ярославль,Ж,27,1,125406.58,1,1,1,110784.42,0
15682814,660,Ростов Великий,Ж,39,5,135134.99,1,1,0,173683.0,1
15741522,819,Ярославль,Ж,39,9,133102.92,1,1,0,27046.46,1
15612543,673,Ярославль,Ж,34,8,42157.08,1,1,0,20598.59,1
15773566,752,Ярославль,Ж,30,3,,2,1,1,104991.28,0
15847848,578,Ярославль,М,38,7,82259.29,1,1,0,8996.97,0
15675800,438,Ярославль,Ж,36,4,,2,1,0,64420.5,0
15745855,652,Ярославль,М,38,6,,2,1,1,145700.22,0
15773183,629,Ярославль,Ж,49,4,,2,1,1,196335.48,0
15856586,720,Ярославль,М,52,7,,1,1,1,14781.12,0
15754625,668,Ярославль,М,42,3,150461.07,1,1,0,108139.23,0
15707346,459,Ростов Великий,М,48,4,133994.52,1,1,1,19287.06,1
15794446,729,Рыбинск,М,31,8,164870.81,2,1,1,9567.39,0
15735662,498,Ростов Великий,М,25,8,121702.73,1,1,1,132210.49,0
15856477,549,Рыбинск,М,25,6,193858.2,1,0,1,21600.11,0
15741210,601,Ростов Великий,Ж,54,1,131039.97,2,1,1,199661.5,0
15611331,544,Ярославль,М,64,9,113829.45,1,1,1,124341.49,0
15645801,751,Ярославль,Ж,30,6,,2,1,0,15766.1,0
15635673,632,Ростов Великий,Ж,41,3,81877.38,1,1,1,33642.21,0
15742373,694,Рыбинск,М,57,8,116326.07,1,1,1,117704.65,0
15709951,678,Ярославль,М,31,2,,2,1,1,58803.28,0
15831395,695,Ярославль,М,46,4,,2,1,1,137537.22,0
15805954,661,Ярославль,Ж,41,1,,2,0,1,131300.68,0
15688508,661,Ярославль,М,33,9,,2,1,1,84174.81,0
15768247,559,Ярославль,Ж,31,3,127070.73,1,0,1,160941.78,0
15617760,503,Ярославль,М,29,3,,2,1,1,143954.99,0
15683561,695,Рыбинск,М,46,3,122549.64,1,1,1,56297.85,0
15705133,640,Ярославль,Ж,42,5,176099.13,1,1,1,8404.73,0
15619104,624,Ростов Великий,Ж,48,3,122388.38,2,0,0,30020.09,0
15717727,667,Ярославль,М,42,9,,2,0,1,58137.42,0
15763760,642,Ярославль,М,26,0,,1,0,0,47472.68,0
15788357,640,Рыбинск,Ж,32,6,118879.35,2,1,1,19131.71,0
15685130,529,Рыбинск,М,35,5,,2,1,1,187288.5,0
15797341,563,Ярославль,Ж,39,5,,2,1,1,17603.81,0
15649776,593,Рыбинск,Ж,38,4,88736.44,2,1,0,67020.03,0
15757878,739,Ростов Великий,М,45,7,102703.62,1,0,1,147802.94,1
15853714,788,Рыбинск,Ж,70,1,,2,1,1,41610.62,0
15711622,684,Рыбинск,Ж,38,3,,2,1,0,44255.65,0
15823540,482,Ярославль,М,55,5,97318.25,1,0,1,78416.14,0
15656616,591,Рыбинск,М,58,5,128468.69,1,0,1,137254.55,0
15817974,651,Ростов Великий,Ж,41,4,133432.59,1,0,1,151303.48,0
15829641,749,Ростов Великий,Ж,40,8,141782.57,2,0,0,86333.63,0
15790603,583,Ярославль,М,24,9,135125.28,1,0,0,89801.9,0
15643073,661,Рыбинск,М,42,2,178820.91,1,0,0,29358.57,1
15844013,715,Ярославль,Ж,31,2,112212.14,2,1,1,181600.72,0
15622070,769,Ростов Великий,Ж,45,5,126674.81,1,1,0,124118.71,1
15845477,625,Ярославль,Ж,51,7,136294.97,1,1,0,38867.46,1
15763385,641,Ярославль,Ж,36,5,66392.64,1,1,0,31106.67,0
15632229,716,Ростов Великий,М,27,1,122552.34,2,1,0,67611.36,0
15730987,767,Ярославль,М,43,1,76408.85,2,1,0,77837.63,0
15707974,745,Ростов Великий,М,36,8,145071.24,1,0,0,6078.46,0
15783636,589,Ярославль,М,34,6,,2,1,1,177896.92,0
15723804,796,Ярославль,Ж,45,2,109730.22,1,1,1,123882.73,0
15791361,664,Ярославль,М,57,6,,2,1,1,15304.08,0
15770035,445,Рыбинск,М,62,1,64119.38,1,1,1,76569.64,1
15662940,543,Ростов Великий,Ж,57,1,106138.33,2,1,1,120657.32,1
15712252,746,Рыбинск,М,36,2,,2,1,1,16436.56,0
15779270,742,Ростов Великий,М,33,0,181656.51,1,1,1,107667.91,0
15846193,750,Ярославль,Ж,32,5,,2,1,0,95611.47,0
15701834,669,Ярославль,М,30,7,95128.86,1,0,0,19799.26,0
15646172,594,Рыбинск,Ж,49,2,126615.94,2,0,1,123214.74,0
15609028,574,Рыбинск,М,36,1,,2,0,1,71709.12,0
15851357,659,Ростов Великий,М,36,2,76190.48,2,1,1,149066.14,0
15622884,750,Ростов Великий,М,40,5,168286.81,3,1,0,20451.99,1
15818967,626,Ростов Великий,М,35,4,88109.81,1,1,1,32825.5,0
15816545,620,Ярославль,М,42,4,,2,1,0,6232.31,0
15692159,580,Ярославль,Ж,35,8,,2,0,1,10357.03,0
15777622,686,Ярославль,Ж,34,3,123971.51,2,1,0,147794.63,0
15765284,540,Ярославль,М,48,0,148116.48,1,0,0,116973.48,0
15693024,634,Ростов Великий,М,35,6,116269.01,1,1,0,129964.94,0
15672184,632,Рыбинск,М,38,1,120599.21,1,1,0,92816.86,0
15758900,501,Ярославль,Ж,41,3,144260.5,1,1,0,172114.67,0
15850345,650,Рыбинск,Ж,25,3,86605.5,3,1,0,16649.31,1
15621713,786,Ярославль,М,34,9,,2,1,0,144517.19,0
15720105,554,Ростов Великий,Ж,37,4,58629.97,1,0,0,182038.6,0
15846808,701,Рыбинск,Ж,42,5,,2,0,0,24210.56,0
15739595,474,Ярославль,М,45,10,,2,0,0,172175.9,0
15696516,621,Ярославль,Ж,43,5,,1,1,1,47578.45,0
15764394,672,Рыбинск,Ж,56,2,209767.31,2,1,1,150694.42,1
15621497,459,Рыбинск,Ж,42,6,129634.25,2,1,1,177683.02,1
15779615,669,Ярославль,М,23,1,,2,0,0,66088.83,0
15614709,776,Ярославль,Ж,38,2,169824.46,1,1,0,169291.7,0
15669478,694,Ярославль,М,36,3,97530.25,1,1,1,117140.41,0
15715428,787,Ярославль,Ж,42,10,145988.65,2,1,1,79510.37,0
15716306,580,Ярославль,М,37,9,,2,0,1,77108.66,0
15810168,711,Ярославль,Ж,25,7,,3,1,1,9679.28,0
15696974,673,Ярославль,Ж,40,5,137494.28,1,1,0,81753.92,0
15655261,499,Ярославль,Ж,57,1,,1,0,0,131372.38,1
15855486,591,Ярославль,М,24,6,147360.0,1,1,1,25310.82,0
15833493,769,Ярославль,Ж,25,10,,2,0,0,187925.75,0
15766609,657,Рыбинск,М,31,3,125167.02,1,0,0,98820.39,0
15787343,738,Ростов Великий,М,43,9,121152.05,2,1,0,64166.7,1
15655702,545,Ростов Великий,Ж,60,7,128981.07,1,0,1,176924.21,1
15826945,497,Ярославль,М,47,6,,1,1,1,90055.08,0
15837014,816,Рыбинск,М,67,6,151858.98,1,1,1,72814.31,0
15809477,525,Ярославль,М,36,2,114628.4,1,0,1,168290.06,0
15703772,725,Ярославль,М,46,6,,2,1,0,161767.38,0
15748375,692,Ярославль,Ж,28,8,95059.02,2,1,0,44420.18,0
15680150,618,Ярославль,Ж,24,7,128736.39,1,0,1,37147.61,0
15759571,546,Ярославль,М,24,8,156325.38,1,1,1,125381.02,0
15738967,635,Ярославль,М,29,7,105405.97,1,1,1,149853.89,0
15684411,611,Ярославль,Ж,49,2,88915.37,3,0,0,161435.02,1
15713491,650,Ярославль,М,60,8,,2,1,1,102925.76,0
15682795,606,Ярославль,М,40,5,,2,1,1,70899.27,0
15830355,844,Ярославль,М,18,2,160980.03,1,0,0,145936.28,0
15630271,450,Рыбинск,Ж,46,5,177619.71,1,1,0,54227.06,0
15855770,727,Рыбинск,М,38,2,62276.99,1,1,1,59280.79,0
15741575,460,Ростов Великий,М,46,4,127559.97,2,1,1,126952.5,0
15833050,649,Ярославль,М,41,0,,2,0,1,130567.02,0
15676981,758,Ростов Великий,Ж,47,9,95523.16,1,1,0,73294.48,0
15720041,490,Ярославль,Ж,35,7,107749.03,1,1,1,3937.37,0
15704262,815,Ростов Великий,М,37,2,110777.26,2,1,0,2383.59,0
15728733,838,Рыбинск,Ж,39,5,166733.92,2,1,0,14279.44,0
15702837,803,Ярославль,М,31,9,157120.86,2,1,0,141300.53,0
15680715,664,Ростов Великий,Ж,36,2,127160.78,2,1,0,78140.75,0
15858100,736,Рыбинск,Ж,28,2,,2,1,1,117431.1,0
15689835,633,Ярославль,Ж,37,9,156091.97,1,1,0,72008.61,0
15668680,664,Ярославль,М,58,5,98668.18,1,1,1,60887.58,0
15625948,600,Ярославль,Ж,43,5,134022.06,1,1,0,194764.83,0
15625477,693,Ярославль,Ж,35,5,124151.09,1,1,0,88705.14,1
15680612,663,Ростов Великий,Ж,36,6,77253.5,1,0,0,35817.97,1
15665486,742,Ростов Великий,Ж,21,1,114292.48,1,1,0,31520.4,0
15714792,710,Ростов Великий,М,43,2,140080.32,3,1,1,157908.19,1
15855087,710,Рыбинск,Ж,27,2,135277.96,1,1,0,142200.15,0
15853600,700,Ярославль,Ж,82,2,,2,0,1,182055.36,0
15720657,720,Ростов Великий,М,60,9,115920.62,2,0,0,157552.08,1
15767032,684,Рыбинск,М,41,2,119782.72,2,0,0,120284.67,0
15728065,531,Ярославль,Ж,63,1,114715.71,1,0,1,24506.95,1
15626827,742,Ростов Великий,Ж,36,2,129748.54,2,0,0,47271.61,1
15683178,717,Ярославль,М,31,4,129722.57,1,0,0,41176.6,0
15682050,589,Ярославль,М,32,2,,2,0,1,9468.64,0
15728056,767,Ярославль,М,36,3,139180.2,1,0,0,123880.19,0
15831894,636,Ростов Великий,М,49,6,113599.74,2,1,0,158887.09,1
15794873,648,Ярославль,М,33,7,134944.0,1,1,1,117036.38,0
15755287,622,Ростов Великий,Ж,58,7,116922.25,1,1,0,120415.61,1
15671672,692,Рыбинск,М,28,9,118945.09,1,0,0,16064.25,1
15839963,754,Ярославль,М,28,8,,2,1,1,52615.62,0
15812710,679,Рыбинск,Ж,35,8,119182.73,1,0,0,121210.09,0
15779787,639,Ярославль,М,27,8,,2,1,0,192247.35,0
15628331,774,Ярославль,Ж,28,1,71264.02,2,0,1,68759.57,0
15696796,517,Ярославль,М,41,2,,2,0,1,75937.47,0
15787932,571,Ярославль,Ж,35,8,,2,0,0,84569.13,0
15613957,747,Ростов Великий,М,58,7,116313.57,1,1,1,190696.35,1
15702891,792,Рыбинск,М,36,5,92140.15,1,0,1,67468.67,0
15648020,688,Ярославль,М,26,1,,2,1,1,104435.94,0
15737102,714,Ростов Великий,М,42,2,177640.09,1,0,1,47166.55,0
15643475,562,Рыбинск,Ж,35,0,,2,1,0,119899.52,0
15695989,704,Рыбинск,М,48,8,167997.6,1,1,1,173498.45,0
15806167,698,Ярославль,М,36,2,82275.35,2,1,1,93249.26,0
15686432,611,Ярославль,М,49,3,,2,1,1,142917.54,0
15750209,850,Ростов Великий,Ж,48,6,111962.99,1,1,0,111755.8,0
15812240,743,Ростов Великий,Ж,34,1,131736.88,1,1,1,108543.21,0
15819543,654,Ярославль,М,29,1,,1,1,0,180345.44,0
15729606,761,Ростов Великий,М,36,8,108239.11,2,0,0,99444.02,0
15711483,702,Ярославль,Ж,46,9,98444.19,1,0,1,109563.28,0
15809644,488,Ростов Великий,М,32,3,114540.38,1,1,0,92568.07,0
15612870,683,Ярославль,Ж,35,6,187530.66,2,1,1,37976.36,0
15610103,601,Ростов Великий,Ж,42,9,133636.16,1,0,1,103315.74,0
15790278,605,Ярославль,М,52,7,,2,1,1,173952.5,0
15804974,671,Ростов Великий,Ж,44,0,84745.03,2,0,1,34673.98,0
15724290,614,Ростов Великий,Ж,31,7,120599.38,2,1,1,46163.44,0
15755561,511,Рыбинск,Ж,29,9,,2,0,1,140676.98,0
15683016,850,Ярославль,М,39,4,127771.35,2,0,1,151738.54,0
15798762,790,Рыбинск,Ж,46,9,,1,0,0,14679.81,1
15656055,793,Ярославль,Ж,33,0,,1,0,0,175544.02,0
15841642,628,Ярославль,М,69,5,,2,1,1,181964.6,0
15751653,598,Ростов Великий,М,53,10,167772.96,1,1,1,136886.86,0
15821199,657,Ярославль,Ж,37,6,95845.6,1,1,0,122218.23,0
15742166,618,Ярославль,Ж,35,10,,2,1,0,180439.75,0
15692728,681,Рыбинск,М,65,7,134714.7,2,0,1,190419.81,0
15621716,516,Рыбинск,Ж,33,3,,2,1,1,58685.59,0
15818042,421,Ростов Великий,М,28,8,122384.22,3,1,1,89017.38,1
15684391,700,Ярославль,Ж,26,2,,2,0,0,50051.42,0
15662444,745,Ярославль,М,25,5,157993.15,2,1,0,146041.45,0
15777301,696,Ярославль,М,29,8,,2,1,0,191166.09,0
15849174,580,Ростов Великий,Ж,42,2,123331.36,1,0,0,103516.08,1
15634705,497,Рыбинск,М,27,9,75263.16,1,1,1,164825.04,0
15790543,720,Ярославль,Ж,43,6,137824.03,2,1,0,172557.77,0
15639675,659,Ростов Великий,М,36,4,132578.92,2,1,0,84320.94,0
15758891,841,Ярославль,Ж,36,5,156021.31,1,0,0,122662.98,0
15808047,642,Рыбинск,М,34,8,,1,1,0,72085.1,0
15800547,732,Рыбинск,Ж,69,9,137453.43,1,0,1,110932.24,1
15840238,706,Рыбинск,М,24,2,141078.57,1,1,1,24402.87,0
15730065,763,Ростов Великий,Ж,32,1,108465.65,2,1,0,60552.44,1
15822159,716,Ярославль,М,39,1,70657.61,2,1,1,76476.05,0
15662250,507,Ростов Великий,М,40,3,120105.43,1,1,0,92075.01,1
15658166,678,Ростов Великий,М,55,4,129646.91,1,1,1,184125.1,1
15759167,775,Ярославль,Ж,30,10,191091.74,2,1,1,96170.38,0
15841077,544,Ярославль,М,38,8,,1,1,1,98208.62,0
15694694,756,Ярославль,М,27,8,,2,1,1,157932.75,0
15768915,757,Ростов Великий,Ж,43,5,131433.33,2,1,1,3497.43,1
15695735,742,Ростов Великий,М,33,1,137937.95,1,1,1,51387.1,0
15734686,591,Ярославль,М,49,3,,2,1,0,50123.44,0
15675182,667,Ярославль,М,24,4,,2,0,0,180329.83,0
15663672,787,Ярославль,М,32,4,,2,1,1,13238.93,0
15630376,718,Ярославль,Ж,43,0,93143.39,1,1,0,167554.86,0
15824967,521,Ярославль,М,38,6,,2,1,0,51454.06,0
15623198,607,Рыбинск,М,40,1,112544.45,1,1,1,19842.22,0
15779107,633,Ярославль,Ж,34,3,123034.43,2,1,1,38315.04,0
15690768,588,Рыбинск,М,37,2,,2,0,1,187816.59,0
15653190,724,Ростов Великий,Ж,33,9,119278.44,1,1,1,197148.24,0
15714094,720,Ярославль,М,44,4,,2,1,0,163471.01,0
15789866,521,Ярославль,М,39,7,,2,0,1,653.58,0
15621110,620,Рыбинск,М,36,7,169312.72,1,1,0,45414.09,0
15614918,505,Ростов Великий,Ж,33,3,106506.77,3,1,0,45445.78,1
15812777,728,Рыбинск,Ж,43,8,128412.61,1,0,1,139024.31,0
15712150,486,Ростов Великий,М,62,9,118356.89,2,1,0,168034.83,1
15819790,584,Ростов Великий,М,42,3,137479.13,1,1,0,25669.1,0
15663757,687,Рыбинск,Ж,40,1,,2,1,0,8207.36,0
15828226,771,Ярославль,М,50,3,105229.72,1,1,1,16281.68,1
15620431,678,Ярославль,М,41,2,148088.11,1,1,0,14083.12,0
15729710,751,Ярославль,Ж,48,4,,1,0,1,30165.06,1
15617320,670,Ярославль,М,33,8,126679.69,1,1,1,39451.09,0
15762277,675,Рыбинск,М,31,2,90826.27,2,1,0,60270.87,0
15689046,684,Рыбинск,М,24,8,143582.89,1,1,1,22527.27,0
15740342,637,Ярославль,Ж,21,10,125712.2,1,0,0,175072.47,0
15754225,760,Рыбинск,Ж,32,2,,1,1,1,114565.35,0
15713163,662,Рыбинск,М,37,4,155187.3,1,1,0,48930.8,0
15774491,680,Ярославль,М,49,10,,2,1,0,187008.45,0
15839106,604,Рыбинск,М,40,5,155455.43,1,0,1,113581.85,0
15641067,764,Ярославль,Ж,40,9,100480.53,1,1,0,124095.69,0
15747531,521,Ярославль,Ж,77,6,,2,1,1,49054.1,0
15839500,684,Ростов Великий,Ж,56,3,127585.98,3,1,1,80593.49,1
15632156,795,Ярославль,Ж,40,2,101891.1,1,1,1,183044.86,0
15853299,678,Рыбинск,Ж,61,8,,2,1,1,159938.82,0
15789305,589,Ярославль,М,38,4,,1,1,0,95483.48,1
15854330,660,Рыбинск,Ж,28,3,128929.88,1,1,1,198069.71,0
15688632,646,Ростов Великий,М,39,6,121681.91,2,0,1,61793.47,0
15845645,706,Ростов Великий,Ж,56,3,139603.22,1,1,1,86383.61,0
15840401,730,Ярославль,Ж,27,7,,2,1,0,144099.48,0
15821695,606,Ярославль,Ж,36,10,,2,0,1,155641.46,0
15765268,690,Рыбинск,Ж,36,10,91760.11,1,1,1,135784.94,0
15826860,645,Ростов Великий,М,41,2,93925.3,1,1,0,123982.14,1
15819254,579,Ярославль,Ж,38,4,175739.36,1,1,1,193130.55,0
15653983,481,Ярославль,Ж,28,10,,2,1,0,145215.96,0
15764205,492,Ростов Великий,М,45,9,170295.04,2,0,0,164741.81,0
15816074,739,Ярославль,М,58,2,101579.28,1,1,1,72168.53,0
15826778,624,Ярославль,М,55,7,118793.6,1,1,1,95022.02,1
15818965,682,Ярославль,М,44,3,115282.3,1,0,0,23766.4,0
15698639,701,Рыбинск,Ж,34,6,107980.37,1,1,1,119374.74,0
15632913,718,Ярославль,Ж,44,1,133866.22,1,0,1,139049.24,0
15611612,496,Ярославль,Ж,34,1,102723.35,2,1,0,180844.81,0
15855876,543,Рыбинск,М,41,5,,2,0,1,143980.29,0
15813252,616,Рыбинск,Ж,44,7,193213.02,2,1,1,137392.77,0
15798467,635,Ростов Великий,М,53,8,117005.55,1,0,1,123646.57,1
15617216,652,Рыбинск,М,31,1,132862.59,1,0,0,158054.49,0
15840820,688,Ярославль,М,26,0,,2,1,0,105784.85,0
15715756,678,Ярославль,Ж,49,3,204510.94,1,0,1,738.88,1
15686311,757,Ростов Великий,М,36,1,65349.71,1,0,0,64539.64,0
15639547,667,Ярославль,М,36,8,139753.35,1,1,0,79871.16,0
15829525,725,Ярославль,Ж,29,6,,2,1,1,190776.83,0
15621601,632,Ростов Великий,Ж,50,5,107959.39,1,1,1,6985.34,1
15648408,694,Ярославль,Ж,38,5,195926.39,1,1,1,85522.84,0
15646410,803,Ярославль,М,36,1,,2,1,1,149370.93,0
15802651,814,Ярославль,Ж,31,6,87772.52,1,1,0,188516.45,0
15728955,611,Ярославль,М,38,4,71018.6,2,1,0,2444.29,0
15739124,755,Ростов Великий,М,38,4,111096.91,1,1,1,19762.88,0
15756340,425,Ростов Великий,М,40,9,166776.6,2,0,1,172646.88,0
15690536,850,Ярославль,Ж,34,6,101266.51,1,1,0,33501.98,0
15856187,677,Рыбинск,М,18,8,134796.87,2,1,1,114858.9,0
15808111,797,Ярославль,Ж,46,8,,1,0,0,162668.33,0
15817322,692,Ростов Великий,Ж,43,10,118588.83,1,1,1,161241.65,1
15646190,735,Ростов Великий,М,28,5,160454.15,2,0,1,114957.22,0
15695773,609,Ярославль,М,77,1,,1,0,1,18708.76,0
15825211,700,Ярославль,Ж,42,8,,2,1,1,105305.72,0
15636232,526,Рыбинск,Ж,36,5,91132.18,1,0,0,58111.71,0
15851707,693,Рыбинск,Ж,57,9,,2,1,1,135502.77,0
15834708,748,Ярославль,Ж,20,7,,2,0,0,10792.42,0
15719605,657,Рыбинск,М,36,8,,2,0,1,123866.43,0
15725743,739,Ростов Великий,Ж,25,5,113113.12,1,1,0,129181.27,0
15702231,784,Рыбинск,М,23,2,,1,1,1,6847.73,0
15746659,744,Ростов Великий,М,41,7,190409.34,2,1,1,138361.48,0
15716736,645,Ярославль,М,44,10,,2,0,1,166707.22,0
15660907,669,Ярославль,Ж,33,9,,2,0,1,107221.03,0
15774938,615,Ярославль,М,34,1,83503.11,2,1,1,73124.53,1
15777814,724,Ростов Великий,Ж,53,1,139687.66,2,1,1,12913.92,0
15841351,850,Ярославль,Ж,47,9,137301.87,1,1,0,44351.77,0
15681230,625,Ростов Великий,Ж,39,10,129845.26,1,1,1,96444.88,0
15806610,635,Рыбинск,М,46,8,,2,1,1,60739.16,0
15739091,724,Ростов Великий,М,37,6,125489.4,1,1,0,118570.53,0
15698688,550,Ярославль,М,47,2,,2,1,1,97057.28,0
15782586,645,Ярославль,М,45,6,155417.61,1,0,1,3449.22,0
15654074,714,Рыбинск,М,29,4,,2,1,1,37605.9,0
15750597,520,Ярославль,Ж,46,10,85216.61,1,1,0,117369.52,1
15714973,633,Ярославль,М,25,1,,1,1,0,100598.98,0
15700507,537,Ярославль,М,37,6,,1,1,1,17802.42,0
15720519,764,Рыбинск,М,38,4,113607.47,1,1,0,91094.46,0
15723762,795,Ростов Великий,Ж,33,9,104552.72,1,1,1,120853.83,1
15609279,573,Рыбинск,М,44,9,,2,1,0,107124.17,0
15637348,702,Рыбинск,М,44,9,,1,0,0,59207.41,1
15857400,740,Ростов Великий,М,33,2,126524.11,1,1,0,136869.31,0
15685521,479,Ярославль,М,34,5,117593.48,2,0,0,113308.29,0
15732900,627,Ростов Великий,Ж,33,4,83199.05,1,0,0,159334.93,0
15632949,479,Рыбинск,М,35,4,125920.98,1,1,1,20393.44,0
15646530,623,Ярославль,М,48,5,118469.38,1,1,1,158590.25,0
15776227,512,Ростов Великий,Ж,40,8,153537.57,2,0,0,23101.13,0
15849096,609,Ярославль,М,41,6,,1,0,1,112585.19,0
15629869,518,Ярославль,М,42,7,151027.05,2,1,0,119377.36,0
15764113,833,Ярославль,Ж,34,3,144751.81,1,0,0,166472.81,0
15790663,758,Ярославль,М,26,4,155739.76,1,1,0,171552.02,0
15849191,611,Ярославль,М,27,7,,2,1,1,157474.1,0
15738210,583,Ярославль,М,33,7,122531.86,1,1,0,13549.24,0
15709031,610,Ростов Великий,М,50,1,113957.01,2,1,0,196526.55,1
15698798,637,Ярославль,Ж,33,7,103377.81,1,1,0,84419.78,0
15622705,683,Ярославль,Ж,32,9,,2,1,1,24991.92,0
15746299,774,Ярославль,М,40,9,93017.47,2,1,0,191608.97,0
15735400,677,Ярославль,Ж,58,1,90022.85,1,0,1,2988.28,0
15762012,741,Рыбинск,М,35,6,74371.49,1,0,0,99595.67,0
15715490,498,Ростов Великий,М,42,3,152039.7,1,1,1,53445.17,1
15810899,655,Ростов Великий,Ж,46,7,137145.12,1,1,0,115146.4,1
15699446,613,Ярославль,М,40,4,,1,0,0,151325.24,0
15738911,602,Ростов Великий,М,35,7,90602.42,2,1,1,51695.41,0
15629650,659,Ярославль,М,36,6,123841.49,2,1,0,96833.0,0
15624472,673,Ростов Великий,М,47,1,183579.54,2,0,1,34047.54,0
15631575,606,Рыбинск,М,30,8,180307.73,2,1,1,1914.41,0
15632065,775,Ярославль,М,30,4,,2,1,0,49337.84,0
15648358,841,Рыбинск,М,28,4,,2,1,1,179436.6,0
15841700,714,Ростов Великий,М,33,3,35016.6,1,1,0,53667.08,0
15812695,597,Ярославль,Ж,53,4,88381.21,1,1,0,69384.71,1
15699841,726,Рыбинск,М,36,2,,1,1,0,195192.4,0
15612002,644,Ярославль,М,28,7,155060.41,1,1,0,29179.52,0
15762030,800,Ярославль,Ж,29,2,,2,0,0,167773.55,0
15648965,771,Ярославль,М,39,5,,2,1,0,96270.64,0
15612628,516,Ярославль,М,35,10,57369.61,1,1,1,101699.77,0
15627268,709,Ярославль,Ж,36,7,,1,0,1,42085.58,1
15725091,772,Ростов Великий,М,42,3,75075.31,2,1,0,92888.52,1
15671055,792,Ярославль,Ж,28,4,130142.79,1,1,0,38190.78,0
